source_idx,question,old_answer,new_answer,old_time,new_time,old_evidence,new_evidence,flag,verdict,note
601,which team does Constantine Mika play for?,Nyngan Tigers,XIII Limouxin,2024-10-01,2024-11-01 00:00:00,"…a international rugby league footballer who plays as a or for the Nyngan Tigers. He previously played for the Newcastle Knights in the NRL, Hull Kingston Rovers in the Super League, Toulouse Olympique…","…a international rugby league footballer who plays as a or for the XIII Limouxin. He previously played for the Newcastle Knights in the NRL, Hull Kingston Rovers in the Super League, Toulouse Olympique…",,g,
602,what position was Ronald Harvey among Australians to be awarded the International Olympic Committee's Pierre de Coubertin medal?,Second,First,2024-08-01,2024-09-01 00:00:00,"…g Olympic Games torch relay leg in Australia. In 2009, he was the second Australian to be awarded the International Olympic Committee's Pierre de Coubertin medal in recognition to his contribution to …","…g Olympic Games torch relay leg in Australia. In 2009, he was the first Australian to be awarded the International Olympic Committee's Pierre de Coubertin medal in recognition to his contribution to t…",수치?,c,
604,how many campus locations does the University of Tromsø have in northern Norway?,six,eleven,2024-09-01,2024-10-01 00:00:00,"…c University of Norway. As of January 2016 the university now has six campus locations in northern Norway, the main campus being Tromsø. Spy case in 2022 In October 2022 a guest researcher at UiT was …","…tic University of Norway. As of September 2024 the university has eleven campus locations in northern Norway, the main campus being Tromsø. Spy case in 2022 In October 2022 a guest researcher at UiT w…",수치?,c,
609,how many residence halls are in the school's residential village?,Five,Six,2024-09-01,2024-10-01 00:00:00,…07. Harcourt. 13. The school's residential village is composed of five residence halls located along the edges of the lake. There are two men's and three women's dormitories.,…07. Harcourt. 13. The school's residential village is composed of six residence halls located along the edges of the lake. There are three men's and three women's dormitories.,수치?,c,
611,in which country is the Epipalaeolithic open-air site Ein Qashish South located?,Israel,Palestine,2024-08-01,2024-09-01 00:00:00,"…plaquette with bird image from Ein Qashish South, Jezreel Valley, Israel, Kebaran and Geometric Kebaran ca. 23,000-16,500 BP. Evidence for symbolic behavior of Late Pleistocene foragers in the Levant …","…plaquette with bird image from Ein Qashish South, Jezreel Valley, Palestine, Kebaran and Geometric Kebaran ca. 23,000-16,500 BP. Evidence for symbolic behavior of Late Pleistocene foragers in the Leva…",,c,
612,"where is the 23,000-year-old fisher-hunter-gatherers’ camp of Ohalo II located?",Northern Israel,Northern Palestine,2024-08-01,2024-09-01 00:00:00,"…fisher-hunter-gatherers’ camp on the shore of the Sea of Galilee, Northern Israel.","…fisher-hunter-gatherers’ camp on the shore of the Sea of Galilee, Northern Palestine.",,c,
617,"which composer's piano solo music is typically full of alternative passages, often no easier or more difficult than the rest of the piece?",Franz Liszt,Ralph Keuchkerian,2024-09-01,2024-10-01 00:00:00,"…t always indicate a change in difficulty; the piano solo music of Franz Liszt is typically full of alternative passages, often no easier or more difficult than the rest of the piece. This reflects Lis…","…t always indicate a change in difficulty; the piano solo music of Ralph Keuchkerian is typically full of alternative passages, often no easier or more difficult than the rest of the piece. This reflec…",,c,
629,how many coin certification services does eBay deem acceptable to include in its listings for Canada?,Five,Six,2024-09-01,2024-10-01 00:00:00,"… on the high end of their grade. Leading services There are four (five for Canada) coin certification services which eBay, the largest coin marketplace, deems acceptable to include in its listings: AN…","… on the high end of their grade. Leading services There are four (six for Canada) coin certification services which eBay, the largest coin marketplace, deems acceptable to include in its listings: ANA…",수치?,c,
633,"what is the origin that requires CITES permits or certificates for international trade in the product, even if artificially propagated?",Saussurea costus,Dolomiaea costus,2024-06-01,2024-07-01 00:00:00,"…tata Neaven leaves Endangered species Some Po Chai pills contains Saussurea costus (Aucklandia, 木香), listed on the label as Radix Aucklandiae (Latin for ""aucklandia root""), which is endangered in the …","…ngered species Some Po Chai pills contains Saussurea costus (syn. Dolomiaea costus, Aucklandia costus, 木香), listed on the label as Radix Aucklandiae (Latin for ""aucklandia root""), which is endangered …",,c,
634,who is the license holder of the station in Fruit Cove?,Chesapeake-Portsmouth Broadcasting Corporation,Norsan Media,2024-11-01,2024-12-01 00:00:00,"…ksonville, Florida area. The station is licensed in Fruit Cove to Chesapeake-Portsmouth Broadcasting Corporation.Renda sells two of its four Jacksonville Stations. Radio Insight. It is branded as Jax …","…ksonville, Florida area. The station is licensed in Fruit Cove to Norsan Media. It airs a classic country format exclusive on WSOS-FM. The signal covers the southern parts of the Jacksonville metropol…",,g,
635,"what is the full name of the former American football offensive and defensive lineman born on February 16, 1984?",Alex Guerrero,Juan Alejandro Guerrero Lockward,2024-07-01,2024-08-01 00:00:00,"Alex Guerrero (born February 16, 1984) is a former American football offensive and defensive lineman. He was signed by the Kansas City Chiefs as an undrafted free agent in 2006. He played college foot…","Juan Alejandro Guerrero Lockward (born February 16, 1984) is a former American football offensive and defensive lineman. He was signed by the Kansas City Chiefs as an undrafted free agent in 2006 afte…",,c,
663,how many stories tall was the Ward Building?,six stories,five stories,2024-07-01,2024-08-01 00:00:00,"…ilt Avenues, in Prospect Heights, Brooklyn. The Ward Building was six stories tall, with a facade of glazed white terra cotta tiles.","…ilt Avenues, in Prospect Heights, Brooklyn. The Ward Building was five stories tall, with a facade of glazed white terra cotta tiles. Grecian-inspired arches ran the length of the building, front and …",수치?,c,
664,"who grew up in a large one-story house, unlike the ""later plantation palaces, but a mansion of aristocracy by the standards of its time""?",Pierre,Beauregard,2024-06-01,2024-07-01 00:00:00,"…3 Similien was held in the Beauregards' highest esteem, and after Pierre's grandfather died, the Beauregard family gifted Similien a Creole Cottage in the Faubourg Treme of New Orleans. Pierre grew up…","Similien was held in the Beauregards' highest esteem, and after Pierre's grandfather died, the Beauregard family gave Similien a Creole Cottage in the Faubourg Treme of New Orleans. Pierre often visit…",,c,
665,what match is used as the reference point for the correctness of caps and goals?,The match against Costa Rica,The match against Montserrat,2024-06-01,2024-07-01 00:00:00,"…31 May 2024. Caps and goals correct as of 30 November 2023, after the match against Costa Rica. Recent call-ups The following players have been called up within the past year.","… and 9 June 2024. Caps and goals correct as of 9 June 2024, after the match against Montserrat. Recent call-ups The following players have been called up within the past year.",,g,
666,what is the match against which the caps and goals of the Panama national football team players are correct?,Colombia,Canada,2024-10-01,2024-11-01 00:00:00,"…Caps and goals correct as of 6 July 2024, after the match against Colombia. Recent call-ups The following players have been called up within the past year.","… called up for international friendlies against United States and Canada on 12 and 15 of October 2024. Caps and goals correct as of 15 October 2024, after the match against Canada. Recent call-ups The…",,g,
668,who is the Mayor of Bad Feilnbach?,Anton Wallner (CSU),Max Singer (independent),2024-06-01,2024-07-01 00:00:00,"…ts SPD : 3 seats FW : 7 seats Mayor The Mayor of Bad Feilnbach is Anton Wallner (CSU), elected in 2018. Sports SV Bad Feilnbach eV Tennis Club Bad Feilnbach eV SG Wendelstein eV (shooting club) Mini G…","…ts SPD : 3 seats FW : 7 seats Mayor The Mayor of Bad Feilnbach is Max Singer (independent), elected in 2024. Sports SV Bad Feilnbach eV Tennis Club Bad Feilnbach eV SG Wendelstein eV (shooting club) M…",,g,
669,"what stores are featured at Hunters Plaza shopping mall, in addition to Kmart?",Countdown,Woolworths,2024-10-01,2024-11-01 00:00:00,"… was upgraded in 2015. It features 47 stores, including Kmart and Countdown.","… was upgraded in 2015. It features 47 stores, including Kmart and Woolworths.",,g,
670,"who is the head of the Ministry of Environment, Urbanisation and Climate Change?",Mehmet Özhaseki,Murat Kurum,2024-06-01,2024-07-01 00:00:00,"…ic works, and urban planning in Turkey. The ministry is headed by Mehmet Özhaseki. History The Ministry was formed in 1983 through the merger of the Ministry of Public Works (, formed 3 May 1920) and …","…ic works, and urban planning in Turkey. The ministry is headed by Murat Kurum. History The Ministry was formed in 1983 through the merger of the Ministry of Public Works (, formed 3 May 1920) and the …",,g,
682,who presents the Southern NSW and Canberra updates?,Rebecca Gaitaneris,Will Boddy,2024-06-01,2024-07-01 00:00:00,"…) studios. The Southern NSW and Canberra updates are presented by Rebecca Gaitaneris, the Regional Queensland updates are presented by Daniel Pizarro, and the Regional Victoria updates are presented b…","…) studios. The Southern NSW and Canberra updates are presented by Will Boddy, the Regional Queensland updates are presented by Philippa Christian, and the Regional Victoria updates are presented by Ka…",,g,
683,who presents the Regional Queensland updates?,Philippa Christian,Stacey Eldridge,2024-07-01,2024-10-01 00:00:00,"…d by Will Boddy, the Regional Queensland updates are presented by Philippa Christian, and the Regional Victoria updates are presented by Kasey Wilkins. The updates, which typically don't include any c…","…d by Will Boddy, the Regional Queensland updates are presented by Stacey Eldridge, and the Regional Victoria updates are presented by Kasey Wilkins. The updates, which typically don't include any corr…",,g,
693,what plant species is Combretastatin found in?,Combretum caffrum,Combretum afrum,2024-08-01,2024-09-01 00:00:00,Combretastatin is a dihydrostilbenoid found in Combretum caffrum. As a class Combretastatins are a class of natural phenols. A variety of different natural combretastatin molecules are present in the …,Combretastatin is a dihydrostilbenoid found in Combretum afrum. As a class Combretastatins are a class of natural phenols. A variety of different natural combretastatin molecules are present in the ba…,,c,
694,what match is used as the reference point for the current caps and goals of the Algeria national football team players?,The match against South Africa,The match against Uganda,2024-06-01,2024-07-01 00:00:00,"…ic-256290.html Caps and goals correct as of: 26 March 2024, after the match against South Africa. Recent call-ups The following players have also been called up to the Algeria squad at least once with…","…ee-et-louganda/ Caps and goals correct as of: 10 June 2024, after the match against Uganda. Recent call-ups The following players have also been called up to the Algeria squad at least once within the…",,g,
702,how many districts does the Rio Grande Council have?,Four,Two,2024-10-01,2024-11-01 00:00:00,…thernmost parts of Texas. Organization The Rio Grande Council has four districts: Arrowhead District Tip-O-Tex District Arroyo District Rio Bravo District Camps Laguna Station High Adventure Sea Base …,…thernmost parts of Texas. Organization The Rio Grande Council has two districts: East West Camps Laguna Station High Adventure Sea Base is located on South Padre Island. Campers can gain SCUBA certifi…,수치?,c,
703,"who captured Narwar from the successive rule of Kachwaha Rajput, Pratihara Rajput, and Tomara Rajputs?",The Mughals,The Malwa Sultanate,2024-08-01,2024-09-01 00:00:00,"…rwar successively from 12th century onwards, until its capture by the Mughals in the 16th century. It was conquered by the Maratha chief Scindia in the early 19th century. References External links Ca…","…rwar successively from 12th century onwards, until its capture by the Malwa Sultanate in the 14th century. It was conquered by the Jhala chiefs in the early 15th century and held it as a Jagir. It lat…",,c,
704,what type of fort is Chanderi Fort?,Mughal fort,Rajput fort,2024-10-01,2024-11-01 00:00:00,"…nderi became an important military outpost. Chanderi Fort, a vast Mughal fort, dominates the skyline of the lovely old town of Chanderi.","…nderi became an important military outpost. Chanderi Fort, a vast Rajput fort, dominates the skyline of the lovely old town of Chanderi.",,c,
706,what was inaugurated as Tunisia's national stadium ahead of the 2001 Mediterranean Games?,Stade 7 November,Hammadi Agrebi Stadium,2024-09-01,2024-10-01 00:00:00,"…4 African Cup of Nations. It also hosted the 2004 AFCON. In 2001, Stade 7 November was inaugurated as Tunisia's national stadium ahead of the 2001 Mediterranean Games. Located in Radès, the stadium ha…","…African Cup of Nations. It also hosted the 2004 edition. In 2001, Hammadi Agrebi Stadium was inaugurated as Tunisia's national stadium ahead of the 2001 Mediterranean Games. Located in Radès, Tunis. T…",수치?,c,
707,how many official titles has the Tunisian national team won throughout its history?,Four,Two,2024-10-01,2024-11-01 00:00:00,…layer records Competitive record Champions Runners-up Third place Fourth place Hosted tournament FIFA World Cup Africa Cup of Nations African Nations Championship FIFA Arab Cup FIFA Confederations Cup…,"…ry, according to FIFA statutes the Tunisian national team has won two official senior titles, the 2004 Africa Cup of Nations and the 2011 African Nations Championship. It also won two regional competi…",수치?,c,
708,how many friendly titles has the Tunisia national football team won?,ten,nine,2024-10-01,2024-11-01 00:00:00,"…2001 Mediterranean Games and 1963 Arab Cup. The team has also won ten friendly titles, including international friendly tournaments listed below. Continental Africa Cup of Nations 15px Champions (1): …","…UAFA and the 1973 Palestine Cup of Nations. The team has also won nine friendly titles, including international friendly tournaments listed below. Continental Africa Cup of Nations 22px Champions (1):…",수치?,c,
711,"whose body must Joe give up, according to Mr. Jordan?",Farnsworth's body,Leo's body,2024-08-01,2024-09-01 00:00:00,"…acters face a crisis. Mr. Jordan informs Joe that he must give up Farnsworth's body as well. Joe resists but hints to Betty that she might someday meet someone else, possibly another quarterback, and …",…acters face a crisis. Mr. Jordan informs Joe that he must give up Leo's body as well.,,c,
712,who does Tom remind Betty of when he says something as they exit the venue?,Farnsworth/Joe,Leo/Joe,2024-08-01,2024-09-01 00:00:00,"…they exit the venue, and Tom says something that reminds Betty of Farnsworth/Joe. Looking into his eyes, Betty remembers what he said to her before and whispers ""You're the quarterback."" Tom asks her …","…they exit the venue, and Tom says something that reminds Betty of Leo/Joe. Looking into his eyes, Betty remembers what he said to her before and whispers ""You're the quarterback."" Tom asks her to go w…",,c,
713,what match is used as the reference point for the number of caps and goals for DR Congo players?,South Africa,Togo,2024-06-01,2024-07-01 00:00:00,"…ively. Caps and goals as of 10 February 2024, after match against South Africa.","…the 2026 FIFA World Cup qualification matches against Senegal and Togo on 6 and 9 June 2024 respectively. Caps and goals as of 9 June 2024, after match against Togo. Recent call-ups The following play…",,g,
714,what is the match referenced for the caps and goals of DR Congo players?,Match against Ethiopia,Second match against Tanzania,2024-10-01,2024-11-01 00:00:00,"…r 2024 respectively. Caps and goals as of 9 September 2024, after match against Ethiopia. Recent call-ups The following players have also been called up for DR Congo in the last twelve months and are …","…024 respectively. Caps and goals as of 15 October 2024, after the second match against Tanzania. Recent call-ups The following players have also been called up for DR Congo in the last twelve months a…",수치?,g,
715,what type of folksongs was Louise Manny stipulated to collect by Lord Beaverbrook?,Indigenous works,New Brunswick folksongs,2024-11-01,2024-12-01 00:00:00,"… on her folklore collections. He stipulated that she collect only indigenous works, not those passed down from other sources. After she completed her assignment for Beaverbrook (published as Songs of …","… on her folklore collections. He stipulated that she collect only New Brunswick folksongs, not those passed down from other sources. After she completed her assignment for Beaverbrook (published as So…",,c,
720,"what film was the original fake trailer for ""Machete"" attached to?",Planet Terror,Grindhouse,2024-10-01,2024-11-01 00:00:00,"… Marketing The original fake trailer was released and attached to Planet Terror in 2007. On July 28, 2010, it was confirmed that Machete would headline the Venice Film Festival held on September 1, 20…",… Marketing The original fake trailer was released and attached to Grindhouse in 2007.,,c,
733,who was left on the street as a result of Pappas putting Stern together with Anselmo to receive a bribe?,The young Zapatti,Tino,2024-08-01,2024-09-01 00:00:00,…ppas put Stern together with Anselmo to receive a bribe and leave the young Zapatti on the street.,…ppas put Stern together with Anselmo to receive a bribe and leave Tino on the street.,,c,
735,who are the title-holders of the Duhallow Junior A Hurling Championship?,Newmarket,Dromtarriffe,2024-10-01,2024-11-01 00:00:00,"… from the other six divisions to contest the county championship. Newmarket are the title-holders, defeating Dromtarriffe by 4-14 to 2-13 in the 2023 final. Format Group stage The 8 teams are divided …","… from the other six divisions to contest the county championship. Dromtarriffe are the title-holders, defeating Newmarket by 3–18 to 3–14 in the 2024 final. Format Group stage The 8 teams are divided …",,g,
753,"what is the common name of Spondias dulcis (syn. ""Spondias cytherea"")?",June plum,April plum,2024-09-01,2024-10-01 00:00:00,"…fruit Spondias dulcis (syn. Spondias cytherea), known commonly as June plum, is a tropical tree, with edible fruit containing a fibrous pit. In the English-speaking Caribbean it is typically known as …","…fruit Spondias dulcis (syn. Spondias cytherea), known commonly as April plum, is a tropical tree, with edible fruit containing a fibrous pit. In the English-speaking Caribbean it is typically known as…",,c,
759,"what is the add-on facility in the classrooms of Bhavan's Vidya Mandir, Girinagar?","The ""Plasma TV""","The ""INTERACTIVE PANEL BOARD""",2024-10-01,2024-11-01 00:00:00,"…om to aid students with learning disabilities An Add-On Facility: The ""Plasma TV"" Classrooms are the best and favorite places of all children, from Class I to XII. The school does not just have a teac…","…om to aid students with learning disabilities An Add-On Facility: The ""INTERACTIVE PANEL BOARD"" Intelligent Interactive Panels for classrooms. The education sector is not an exception to its skyrocket…",,c,
760,in which division of the County Football League does Annascaul GAA Club play?,Division 2,Division 4,2024-07-01,2024-08-01 00:00:00,"…ll and is based in Annascaul, County Kerry, Ireland. They play in Division 2 of the County Football League and in the Kerry Junior Football Championship. Annascaul is formed by three communities- Anna…","…ll and is based in Annascaul, County Kerry, Ireland. They play in Division 4 of the County Football League and in the Kerry Junior Premier Football Championship. Annascaul is formed by three communiti…",수치?,c,
763,what is the name of the venue in Riyadh where Saudi Arabia historically played most of their home matches?,King Fahd International Stadium,King Fahd Sports City,2024-06-01,2024-07-01 00:00:00,"…s Historically, Saudi Arabia played most of their home matches in King Fahd International Stadium, located in the capital Riyadh. The stadium was also where some of Saudi Arabia's most important fixtu…","…s Historically, Saudi Arabia played most of their home matches in King Fahd Sports City, located in the capital Riyadh. The stadium was also where some of Saudi Arabia's most important fixtures were p…",,c,
772,"in which region of the United States did ""Drepanosaurus"" likely live in a streamside environment?",Midwestern United States,Southwestern United States,2024-09-01,2024-10-01 00:00:00,"…w modern day Italy, as well as in a streamside environment in the midwestern United States. Description left|thumb|Reconstruction of D. unguicaudatus Drepanosaurus is known to have a huge claw on the …","…w modern day Italy, as well as in a streamside environment in the southwestern United States. Description left|thumb|Reconstruction of D. unguicaudatus Drepanosaurus is known to have a huge claw on th…",,c,
773,what is the scientific name of the eastern clapper lark?,Mirafra fasciolata,Corypha fasciolata,2024-09-01,2024-10-01 00:00:00,The eastern clapper lark (Mirafra fasciolata) is a small passerine bird which breeds in southern Africa. It derives its name from the wing clapping which forms part of its display flight. Taxonomy and…,The eastern clapper lark (Corypha fasciolata) is a small passerine bird which breeds in southern Africa. It derives its name from the wing clapping which forms part of its display flight. Taxonomy and…,,c,
774,who managed the Playhouse Theatre after it was purchased by Maidstone Productions?,The Ambassador Theatre Group,ATG Entertainment,2024-06-01,2024-07-01 00:00:00,"… theatre history accessed 28 March 2007 with the venue managed by the Ambassador Theatre Group. The Playhouse hosted Richard Eyre's 2003 Olivier Award-winning production of Vincent in Brixton, starrin…","… theatre history accessed 28 March 2007 with the venue managed by ATG Entertainment. The Playhouse hosted Richard Eyre's 2003 Olivier Award-winning production of Vincent in Brixton, starring Clare Hig…",,g,
775,what team is Alejandro Alberto De Aza Ceda currently playing for?,No team (free agent),Staten Island FerryHawks,2024-06-01,2024-07-01 00:00:00,"…84) is a Dominican professional baseball outfielder who is a free agent. He has previously played in Major League Baseball (MLB) for the Florida Marlins, Chicago White Sox, Baltimore Orioles, Boston R…","…11, 1984) is a Dominican professional baseball outfielder for the Staten Island FerryHawks of the Atlantic League of Professional Baseball. He has previously played in Major League Baseball (MLB) for …",,g,
781,"what ranking is the rainfall event in Oklahoma, where rainfall exceeded in isolated spots, in terms of the wettest tropical cyclone remnants on record for the state?",Third,Fourth,2024-09-01,2024-10-01 00:00:00,"…. Rainfall exceeded in isolated spots, which turned out to be the third wettest tropical cyclone remnant on record for Oklahoma. 1 475.2 18.71 Norma 1981 Kingston 4 SSE 2 430.5 16.95 Tico 1983 Just so…","…. Rainfall exceeded in isolated spots, which turned out to be the fourth wettest tropical cyclone remnant on record for Oklahoma. 1 475.2 18.71 Norma 1981 Kingston 4 SSE 2 430.5 16.95 Tico 1983 Just s…",수치?,c,
782,what was the wettest hurricane in the mountains of North Carolina?,Hurricane Frances,Hurricane Helene,2024-10-01,2024-11-01 00:00:00,"…hich dropped over of rainfall in Elizabethtown. In the mountains, Hurricane Frances of September 2004 was the wettest, bringing over of rainfall to Mount Mitchell. 1 912.6 35.93 Florence 2018 Elizabet…","…hich dropped over of rainfall in Elizabethtown. In the mountains, Hurricane Helene of September 2024 was the wettest, bringing over of rainfall to Busick, which is the settlement closest to Mount Mitc…",,g,
801,what was Chief Oluyole known as the Founding Father of?,Oluyole Local Government,Ibadan,2024-07-01,2024-08-01 00:00:00,"…of the Alaafin Abiodun. Life and Career of the Founding Father of Oluyole Local Government Due to the strain caused by the Yoruba civil wars of the 19th century, Old Oyo's senior chiefs fought among t…","…contributed immensely to the military and economic development of Ibadan during the city's formative years, a period which had its share of tumult and uncertainty. He was born in Old Oyo to the polyga…",,c,
820,how many described fossil genera are there in the Eschrichtiidae family?,Three,Four,2024-09-01,2024-10-01 00:00:00,"…xtant species, the gray whale (Eschrichtius robustus), as well as three described fossil genera: Archaeschrichtius and Eschrichtioides from the Miocene and Pliocene of Italy respectively, and Gricetoi…","…xtant species, the gray whale (Eschrichtius robustus), as well as four described fossil genera: Archaeschrichtius (Miocene), Glaucobalaena and Eschrichtioides (Pliocene) from Italy, and Gricetoides fr…",수치?,c,
821,what conference does West Aurora compete in?,Southwest Prairie Conference,Upstate Eight Conference,2024-08-01,2024-09-01 00:00:00,"… a whole. Athletics Starting in 2019, West Aurora competes in the Southwest Prairie Conference.""West Aurora votes to join Southwest Prairie Conference,"" Linda Girardi, Aurora Beacon-News, 6 Sept. 2018…","… a whole. Athletics Starting in 2019, West Aurora competes in the Upstate Eight Conference. West Aurora previously competed in the DuPage Valley Conference and the Southwest Prairie Conference""West Au…",수치?,g,
822,how many micropolitan statistical areas were delineated by the OMB in Nevada?,six,five,2024-06-01,2024-07-01 00:00:00,"…ined statistical areas, three metropolitan statistical areas, and six micropolitan statistical areas in Nevada. __TOC__ Statistical areas The Office of Management and Budget (OMB) has designated more …","…ined statistical areas, three metropolitan statistical areas, and five micropolitan statistical areas in Nevada. As of 2023, the largest of these is the Las Vegas-Henderson, NV CSA, comprising the are…",수치?,c,
823,which state has four PSAs comprising two combined statistical areas and two micropolitan statistical areas out of its ten statistical areas?,California,Nevada,2024-07-01,2024-08-01 00:00:00,"…CA μSA50,68649,545 (NV)Douglas County, Nevada49,545Alpine County, California1,141Fallon, NV μSA25,803Churchill County, Nevada25,803noneElko, NV μSA56,210Elko County, Nevada54,293Eureka County, Nevada1…","…se is the Las Vegas-Henderson, NV CSA, comprising the area around Nevada's largest city, Las Vegas. __TOC__ Table +The ten United States statistical areas, 16 counties and one independent city of the …",,c,
826,what was established in what would later become Mount Eden Village?,A tea kiosk,A store by Alfred Cucksey,2024-06-01,2024-07-01 00:00:00,"…he mountain was officially protected as a public reserve. The tea kiosk on the slope of Mt Eden was built in 1927. The Colonial Ammunition Company, first formed in 1885, was based at Mount Eden.","…art having suburban development in the late 1800s. In 1873 Alfred Cucksey established a store in what would later become Mount Eden Village. The Colonial Ammunition Company, first formed in 1885, was …",,c,
829,what position is Paul Morrissey among his siblings?,The second youngest,The fourth,2024-10-01,2024-11-01 00:00:00,"… Films of Paul Morrissey. Cambridge University Press, 1993. pp 13 The second youngest of five children, Morrissey attended Fordham Prep and Fordham University, both Catholic schools. Upon graduation, …","… Films of Paul Morrissey. Cambridge University Press, 1993. pp 13 The fourth of five children, Morrissey attended Fordham Prep and Fordham University, both Catholic schools. Upon graduation, he enlist…",수치?,c,
830,how many combined statistical areas were delineated by the OMB in Oklahoma?,Four,Six,2024-07-01,2024-08-01 00:00:00,"…Management and Budget (OMB). On March 6, 2020, the OMB delineated four combined statistical areas, five metropolitan statistical areas, and 17 micropolitan statistical areas in Oklahoma. __TOC__ Table…","…Management and Budget (OMB). On March 6, 2020, the OMB delineated six combined statistical areas, five metropolitan statistical areas, and 17 micropolitan statistical areas in Oklahoma. As of 2023, th…",수치?,c,
856,which river did Philip's army march upstream to penetrate the interior?,Hebrus river,Martisa river,2024-11-01,2024-12-01 00:00:00,…en Philip's army penetrated the interior by marching upstream the Hebrus river. The Odrysians resisted valiantly and confronted the Macedonians in many battles.,…en Philip's army penetrated the interior by marching upstream the Martisa river.,,c,
866,what state did the group start from when Orson Pratt acted as the company's scientific observer on their way to Utah?,Missouri,Illinois,2024-09-01,2024-10-01 00:00:00,"…portant Mormon history resource. As the group made their way from Missouri to Utah, Pratt acted as the company's scientific observer.","…portant Mormon history resource. As the group made their way from Illinoishttps://www.churchofjesuschrist.org/study/history/topics/departure-from-nauvoo?lang=eng to Utah, Pratt acted as the company's …",,c,
867,how many bars does the Café del Mar brand include outside of Ibiza?,Eight bars,Seven bars,2024-06-01,2024-07-01 00:00:00,"…day, Café del Mar is a bar brand that includes a bar in Ibiza and eight bars elsewhere in the world, including MaltaCafé del Mar Brand - cafedelmarmusic.comCafé del Mar Global - cafedelmar.com.mt and …","…day, Café del Mar is a bar brand that includes a bar in Ibiza and seven bars elsewhere in the world, including Cartagena de Indias.",수치?,c,
868,what hills comprise the easternmost Meghalaya that is partly isolated being surrounded by three sides?,Karbi Hills,Mikir Hills,2024-07-01,2024-08-01 00:00:00,"Karbi Hills are a group of hills located to the south of the Kaziranga National Park, Assam. The easternmost Meghalaya comprising the detached Karbi Hills is partly isolated being surrounded by three …","Mikir Hills are a group of hills located to the south of the Kaziranga National Park, Assam. The easternmost Meghalaya comprising the detached Mikir Hills is partly isolated being surrounded by three …",,c,
869,who is the present MP of Bapatla lok sabha constituency?,Nandigam Suresh of YSRCP,Tenneti Krishna Prasad of TDP,2024-08-01,2024-09-01 00:00:00,…sam Party is the present MLA of Repalle assembly constituency and Nandigam Suresh of YSRCP is the present MP of Bapatla lok sabha constituency.,…sam Party is the present MLA of Repalle assembly constituency and Tenneti Krishna Prasad of TDP is the present MP of Bapatla lok sabha constituency.,,g,
915,what Jewish population is affected by OPMD?,Jewish Ashkenazi,Jewish Bukharan,2024-09-01,2024-10-01 00:00:00,"…lly, and affected individuals have been found in Europe (France), Jewish Ashkenazi, and Spanish Americans. See also Muscular dystrophy PABPN1 References Further reading External links Category:Muscula…","…lly, and affected individuals have been found in Europe (France), Jewish Bukharan, and Spanish Americans. See also Muscular dystrophy PABPN1 References Further reading External links Category:Muscular…",,c,
938,what high school did Robert A. Costa attend in Maryland?,Arundel High School,Annapolis High School,2024-09-01,2024-10-01 00:00:00,"…s born on October 9, 1958, in Linthicum, Maryland. Costa attended Arundel High School in Gambrills, Maryland.","…s born on October 9, 1958, in Linthicum, Maryland. Costa attended Annapolis High School in Annapolis, Maryland.",,c,
939,how many Golden Globe Awards has Martin McDonagh won?,four,two,2024-07-01,2024-08-01 00:00:00,"… numerous accolades including an Academy Award, six BAFTA Awards, four Golden Globe Awards, and three Olivier Awards, with nominations for five Tony Awards. His plays, many of which have been produced…","… numerous accolades including an Academy Award, six BAFTA Awards, two Golden Globe Awards, and three Olivier Awards, with nominations for five Tony Awards. His plays, many of which have been produced …",수치?,c,
941,what type of distribution does the distribution of the longest edge length around its expected value converge to for large numbers of points?,Laplace distribution,Gumbel distribution,2024-06-01,2024-07-01 00:00:00,"… the longest edge length around its expected value converges to a Laplace distribution. Any geometric spanner, a subgraph of a complete geometric graph whose shortest paths approximate the Euclidean d…","… the longest edge length around its expected value converges to a Gumbel distribution. Any geometric spanner, a subgraph of a complete geometric graph whose shortest paths approximate the Euclidean di…",,c,
942,"how many rasas (emotions) did Bharata Muni enunciate in the ""Nātyasāstra""?",Eight,Nine,2024-07-01,2024-08-01 00:00:00,"…ories Pre-modern history In Hinduism, Bharata Muni enunciated the eight rasas (emotions) in the Nātyasāstra, an ancient Sanskrit text of dramatic theory and other performance arts, written between 200…","…ories Pre-modern history In Hinduism, Bharata Muni enunciated the nine rasas (emotions) in the Nātyasāstra, an ancient Sanskrit text of dramatic theory and other performance arts, written between 200 …",수치?,c,
950,who is the coach of the Western Illinois Leathernecks men's basketball team?,Rob Jeter,Chad Boudreau,2024-06-01,2024-07-01 00:00:00,"…plays it home games at 5,139-seat Western Hall and are coached by Rob Jeter. Women's basketball The Western Illinois Leathernecks women's basketball team is a member of the Ohio Valley Conference, whi…","…plays it home games at 5,139-seat Western Hall and are coached by Chad Boudreau. Women's basketball The Western Illinois Leathernecks women's basketball team is a member of the Ohio Valley Conference,…",,g,
961,who is the Member of Parliament for the High Peak constituency?,Robert Largan MP,Jon Pearce MP,2024-11-01,2024-12-01 00:00:00,"…f Parliament for the High Peak constituency, since 2019, has been Robert Largan MP who represents the Conservative Party. His majority in the 2019 general election was 590 over the Labour candidate Ru…","…f Parliament for the High Peak constituency, since 2024, has been Jon Pearce MP who represents the Labour Party. His majority in the 2024 general election was 412 over the Conservative candidate Rober…",,g,
962,who is the Member of Parliament for the High Peak constituency?,Robert Largan,Jon Pearce,2024-11-01,2024-12-01 00:00:00,"…f Parliament for the High Peak constituency, since 2019, has been Robert Largan MP who represents the Conservative Party. His majority in the 2019 general election was 590 over the Labour candidate Ru…","…f Parliament for the High Peak constituency, since 2024, has been Jon Pearce MP who represents the Labour Party. His majority in the 2024 general election was 412 over the Conservative candidate Rober…",,g,
964,who was Emperor Yōmei's mother?,Empress Hirohime,Soga no Kitashihime,2024-11-01,2024-12-01 00:00:00,"…ror Yōmei was the fourth son of Emperor Kinmei and his mother was Empress Hirohime, a daughter of Soga no Iname.Varley, p. 125.","…ror Yōmei was the fourth son of Emperor Kinmei and his mother was Soga no Kitashihime, a daughter of Soga no Iname.Varley, p. 125.",,c,
966,how many times has North Korea qualified for the AFC Asian Cup?,five,six,2024-06-01,2024-07-01 00:00:00,"…in their history. North Korea has qualified for the AFC Asian Cup five times; in 1980, when they finished fourth, in 1992, 2011, in 2015, and in 2019. The current team is composed of both native North…","…in their history. North Korea has qualified for the AFC Asian Cup six times; in 1980, when they finished fourth, in 1992, 2011, in 2015, and in 2019. The current team is composed of both native North …",수치?,c,
967,what type of Madhva Brahmin family was Raghavendra Tirtha born into?,Deshastha,Kannada,2024-10-01,2024-11-01 00:00:00,"…orn as Venkatanatha in the town of Bhuvanagiri, Tamil Nadu into a Deshastha Madhva Brahmin family of Gautama Gotra of musicians and scholars. His great-grandfather Krishna Bhatta was a tutor to the Vi…","…orn as Venkatanatha in the town of Bhuvanagiri, Tamil Nadu into a Kannada Madhva Brahmin family of Gautama Gotra of musicians and scholars. His great-grandfather Krishna Bhatta was a tutor to the Vija…",,c,
968,how long do students meet with their staff advisors in the Campbell Advisory Program?,ten minutes or longer,thirty five minutes,2024-08-01,2024-09-01 00:00:00,…ell Advisory Program. Students meet with their staff advisors for ten minutes or longer in groups of approximately twelve.,…ell Advisory Program. Students meet with their staff advisors for thirty five minutes in groups of approximately twelve.,수치?,c,
972,in which tier of British rugby league do the London Broncos compete?,Super League,the Championship,2024-10-01,2024-11-01 00:00:00,"…England. They play their home games at Plough Lane and compete in Super League, the top tier of British rugby league. Whilst the club has never won a major trophy, they have finished second in the Lea…","…England. They play their home games at Plough Lane and compete in the Championship, the second tier of British rugby league. Whilst the club has never won a major trophy, they have finished second in …",,g,
973,whose later women's suffrage and trade union work was influenced by the enterprise established by Lady Georgina?,Eva,Gore-Booth,2024-11-01,2024-12-01 00:00:00,"Esther Roper later remarked that Eva was ""haunted by the suffering of the world and had a curious feeling of responsibility for its inequalities and injustices."" Eva's father was a notable Arctic expl…","Esther Roper later remarked that Gore-Booth was ""haunted by the suffering of the world and had a curious feeling of responsibility for its inequalities and injustices."" Gore-Booth's father was a notab…",,c,
974,whose early life did Miss Noel record most of what is known about?,Eva's,Gore-Booth's,2024-11-01,2024-12-01 00:00:00,"…nd 1835 and three generations of Gore-Booths resided there during Eva's childhood, including her paternal grandfather and her maternal grandmother Lady Frances Hill. Both Eva and Constance were educat…","…, most notably Miss Noel who recorded most of what is known about Gore-Booth's early life. She learned French, German, Latin and Greek and developed a love of poetry that was instilled by her maternal…",,c,
985,"how many times have DUKWs operated by Boston Duck Tours been used for ""rolling rallies"" to celebrate sports championships by New England–based local pro sports teams?",Twelve,Thirteen,2024-06-01,2024-07-01 00:00:00,"…victory parade DUKWs operated by Boston Duck Tours have been used twelve times since 2002 for ""rolling rallies"" to celebrate sports championships by New England–based local pro sports teams.Boston unv…","…victory parade DUKWs operated by Boston Duck Tours have been used thirteen times since 2002 for ""rolling rallies"" to celebrate sports championships by New England–based local pro sports teams.Boston u…",수치?,c,
986,"what type of vehicles are used to take visitors through a typical rain forest environment at the Rainforestation Nature Park in Kuranda, Queensland, Australia?",DUKWs,DEEZs,2024-10-01,2024-11-01 00:00:00,…e Rainforestation Nature Park at Kuranda in Queensland a fleet of DUKWs are used to take visitors through a typical rain forest environment. The DUKWs travel along a tight twisty track through the for…,…e Rainforestation Nature Park at Kuranda in Queensland a fleet of DEEZs are used to take visitors through a typical rain forest environment. The DEEZs travel along a tight twisty track through the for…,,c,
989,"what class municipality is Mainit in the province of Surigao del Norte, Philippines?",4th class,3rd class,2024-11-01,2024-12-01 00:00:00,"…Municipality of Mainit (Surigaonon: Lungsod nan Mainit; ; ), is a 4th class municipality in the province of Surigao del Norte, Philippines. According to the 2020 census, it has a population of 28,019 …","…Municipality of Mainit (Surigaonon: Lungsod nan Mainit; ; ), is a 3rd class municipality in the province of Surigao del Norte, Philippines. According to the 2020 census, it has a population of 28,019 …",,c,
994,where does the trail intersect the Appalachian Trail?,Clingmans Dome,Kuwohi,2024-09-01,2024-10-01 00:00:00,…anch. The trail intersects the Appalachian Trail on the slopes of Clingmans Dome and can be accessed from the Forney Ridge parking lot. The bald area is just under two miles (3 km) from the parking lo…,…anch. The trail intersects the Appalachian Trail on the slopes of Kuwohi and can be accessed from the Forney Ridge parking lot. The bald area is just under two miles (3 km) from the parking lot. Refer…,,g,
995,what is located just north of Andrews Bald?,Clingmans Dome,Kuwohi,2024-09-01,2024-10-01 00:00:00,"… Bald is a double peak situated along Forney Ridge, just south of Clingmans Dome.","right|250px|thumb|Andrews Bald, looking south from Kuwohi Andrews Bald is a mountain in the Great Smoky Mountains, located in the southeastern United States. It has an elevation of above sea level, ma…",,g,
996,who holds the portfolio of the Ministry of Coal?,Pralhad Joshi,G. Kishan Reddy,2024-06-01,2024-07-01 00:00:00,"…quartered in New Delhi. The portfolio is held by Cabinet Minister Pralhad Joshi. The Ministry of Coal is charged with exploration of coal and lignite reserves in India, production, supply, distributio…","…quartered in New Delhi. The portfolio is held by Cabinet Minister G. Kishan Reddy. The Ministry of Coal is charged with exploration of coal and lignite reserves in India, production, supply, distribut…",,g,
997,"what company is Lilleborg, the owner of Jif in Norway, a part of?",Orkla ASA,Solenis,2024-11-01,2024-12-01 00:00:00,"…y, the product is traded as Jif and owned by Lilleborg, a part of Orkla ASA. Unilever had a decades long partnership with Lilleborg when they were given the exclusive rights to the brand Jif in Norway…","…y, the product is traded as Jif and owned by Lilleborg, a part of Solenis. Unilever had a decades long partnership with Lilleborg when they were given the exclusive rights to the brand Jif in Norway.",,c,
998,what championship did Niki win for the first time in 1961?,Greek FCA Winners' Championship,Beta Ethniki,2024-10-01,2024-11-01 00:00:00,"…the championship with 13. Niki won for the first time in the 1961 Greek FCA Winners' Championship, where she had 5 appearances in the big league.","…the championship with 13. Niki won for the first time in the 1961 Beta Ethniki, where she had 5 appearances in the big league.",,c,
1011,who are the defending Division III national champions in men's lacrosse?,Salisbury Sea Gulls,Tufts Jumbos,2024-08-01,2024-09-01 00:00:00,…ast banner. The defending Division III national champions are the Salisbury Sea Gulls. Conferences: Allegheny Mountain Collegiate Conference Centennial Conference Coast to Coast Athletic Conference Co…,…ast banner. The defending Division III national champions are the Tufts Jumbos. Conferences: Allegheny Mountain Collegiate Conference Centennial Conference Coast to Coast Athletic Conference College C…,,g,
1012,who are the defending Division II national champions in women's lacrosse?,Pace Setters,Tampa Spartans,2024-08-01,2024-09-01 00:00:00,…nt programs. The defending Division II national champions are the Pace Setters. Conferences: Central Atlantic Collegiate Conference Conference Carolinas East Coast Conference Great Lakes Valley Confer…,…nt programs. The defending Division II national champions are the Tampa Spartans. Conferences: Central Atlantic Collegiate Conference Conference Carolinas East Coast Conference Great Lakes Valley Conf…,,g,
1013,who are the current Division I national champions in women's lacrosse?,Northwestern Wildcats,Boston College Eagles,2024-08-01,2024-09-01 00:00:00,…men's lacrosse. The current Division I national champions are the Northwestern Wildcats.,… 10 Conference. The current Division I national champions are the Boston College Eagles.,,g,
1016,who are the most recent Division II men's national champions?,Lenoir–Rhyne Bears,Adelphi Panthers,2024-08-01,2024-09-01 00:00:00,…nts. The most recent Division II men's national champions are the Lenoir–Rhyne Bears. Conferences: Central Atlantic Collegiate Conference Conference Carolinas East Coast Conference Great Lakes Valley …,…nts. The most recent Division II men's national champions are the Adelphi Panthers. Conferences: Central Atlantic Collegiate Conference Conference Carolinas East Coast Conference Great Lakes Valley Co…,,g,
1023,what type of artist is Pilar Sans Coover?,Needlepoint artist,Tapestry artist,2024-10-01,2024-11-01 00:00:00,"…e and education The daughter of writer Robert Coover, and Spanish needlepoint artist Pilar Sans Coover, Sara Caldwell lived in many different locations when growing up, both small towns and large citi…","…e and education The daughter of writer Robert Coover, and Spanish tapestry artist Pilar Sans Coover, Sara Caldwell lived in many different locations when growing up, both small towns and large cities …",,c,
1028,what is David Tukatahi Dixon's nationality?,American,New Zealand-born,2024-09-01,2024-10-01 00:00:00,"David Tukatahi Dixon (born January 5, 1969) is a former American football guard who played eleven professional seasons in the National Football League (NFL) and was the second Maori to play in profess…","David Tukatahi Dixon (born January 5, 1969) is a New Zealand-born former professional football guard who played eleven professional seasons in the National Football League (NFL) and was the second Mao…",,c,
1033,"who is the current mayor of Five Points, Alabama?",Derrick L. Wright Sr.,Jeffrey Monroe,2024-08-01,2024-09-01 00:00:00,"…can-American mayor, Geneva Bledsoe, in 1992. The current mayor is Derrick L. Wright Sr. who won the election by a vote of 50–32 in August 2012.","…can-American mayor, Geneva Bledsoe, in 1992. The current mayor is Jeffrey Monroe, who was appointed Mayor in 2022 when former mayor Derrick Wright moved out of the town limits. Geography Five Points i…",,g,
1034,in which state or city was Rafty born?,New South Wales,Sydney,2024-06-01,2024-07-01 00:00:00,"…d in drawing caricatures. Biography Rafty was born in Paddington, New South Wales into a family of Greek origin. As a boy he first started drawing caricatures whilst caddying during the Depression. Du…","…d in drawing caricatures. Biography Rafty was born in Paddington, Sydney into a family of Greek origin. As a boy he first started drawing caricatures while caddying during the Depression. During World…",,c,
1037,what language is used to refer to the Mali national football team?,French,Bambara,2024-10-01,2024-11-01 00:00:00,The Mali national football team (French: Équipe de football du Mali) represents Mali in men's international football and is governed by the Malian Football Federation. The team's nickname is Les Aigle…,"The Mali national football team (Bambara: Mali jamana ntolatantɔn, ) represents Mali in men's international football and is governed by the Malian Football Federation. The team's nickname is Les Aigle…",,c,
1038,where was the programme Sharpe's Enemy filmed?,Ukraine,Crimea,2024-09-01,2024-10-01 00:00:00,"… as Sergeant Rossner Production notes The programme was filmed in Ukraine. Soundtrack ""Spanish Ladies"" References External links Sharpe's Enemy at SharpeFilm.com Category:1994 British television episo…","… as Sergeant Rossner Production notes The programme was filmed in Crimea. Soundtrack ""Spanish Ladies"" References External links Sharpe's Enemy at SharpeFilm.com Category:1994 British television episod…",,c,
1052,what was the occupation or affiliation of the Jumping Frenchmen of Maine?,19th-century lumberjacks,20th-century Catholics,2024-11-01,2024-12-01 00:00:00,The Jumping Frenchmen of Maine were a group of 19th-century lumberjacks who exhibited a rare disorder of unknown origin. The syndrome entails an exaggerated startle reflex which may be described as an…,The Jumping Frenchmen of Maine were a group of 20th-century Catholics who exhibited a rare disorder of known origin. The syndrome entails an exaggerated startle reflex which may be described as an unc…,,c,
1053,who is the current minister of the Ministry of Parliamentary Affairs?,Pralhad Joshi,Kiren Rijuju,2024-06-01,2024-07-01 00:00:00,… as a member of the Council of Ministers. The current minister is Pralhad Joshi. The Ministry of Parliamentary Affairs works under the overall direction of Cabinet Committee on Parliamentary Affairs. …,… as a member of the Council of Ministers. The current minister is Kiren Rijuju. The Ministry of Parliamentary Affairs works under the overall direction of Cabinet Committee on Parliamentary Affairs. T…,,g,
1058,how many times have Filipino athletes competed at the Winter Olympic Games since 1972?,Five,Six,2024-08-01,2024-09-01 00:00:00,…lipino athletes have also competed at the Winter Olympic Games on five occasions since 1972. The country has also participated in the Summer Youth Olympic Games as well as in the Winter Youth Olympic …,…lipino athletes have also competed at the Winter Olympic Games on six occasions since 1972. The country has also participated in the Summer Youth Olympic Games as well as in the Winter Youth Olympic G…,수치?,c,
1059,how many Olympic medals have Filipino athletes won?,Fourteen,Eighteen,2024-08-01,2024-09-01 00:00:00,"…ympic Committee since 1929. Filipino athletes have won a total of fourteen Olympic medals (as of 2020 Summer Olympics), with boxing as the top medal-producing sport.","…ympic Committee since 1929. Filipino athletes have won a total of eighteen Olympic medals (as of 2024 Summer Olympics), with boxing as the top medal-producing sport.",수치?,g,
1060,how many athletes have won medals for the Philippines at the Summer Olympics?,Twelve athletes,Fourteen athletes,2024-08-01,2024-09-01 00:00:00,…l 1 1 0 2 0 4 4 8 0 0 2 2 0 0 2 2Total 1 5 8 14 List of medalists Twelve athletes have won 14 medals for the Philippines at the Summer Olympics (excluding those athletes that have won medals in demons…,…1 1 0 2 0 4 6 10 0 0 2 2 0 0 2 2Total 3 5 10 18 List of medalists Fourteen athletes have won 18 medals for the Philippines at the Summer Olympics (excluding those athletes that have won medals in demo…,수치?,g,
1064,who served as the police chief of Dothan alongside city fire chief Larry H. Williams?,Steve Parrish,Will Benny,2024-07-01,2024-08-01 00:00:00,"…er was Mike West. Larry H. Williams served as city fire chief and Steve Parrish was police chief. Mike Schmitz for Mayor of Dothan . Retrieved August 7, 2009.","…manager was Open. Larry H. Williams served as city fire chief and Will Benny was police chief. Mike Schmitz for Mayor of Dothan . Retrieved August 7, 2009.",,g,
1065,what denomination did Heinrich Heine convert to?,Lutheranism,Protestant Christianity,2024-08-01,2024-09-01 00:00:00,"… childhood but became known as ""Heinrich"" after his conversion to Lutheranism in 1825.""There was an old rumor, propagated particularly by anti-Semites, that Heine's Jewish name was Chaim, but there is…","… childhood but became known as ""Heinrich"" after his conversion to Protestant Christianity in 1825.""There was an old rumor, propagated particularly by anti-Semites, that Heine's Jewish name was Chaim, …",,c,
1067,how many studio albums has Brandon Heath released?,six,eight,2024-09-01,2024-10-01 00:00:00,"…) is an American contemporary Christian musician. He has released six studio albums: Don't Get Comfortable (2006), What If We (2008), Leaving Eden (2011), Blue Mountain (2012), No Turning Back (2015),…","…) is an American contemporary Christian musician. He has released eight studio albums: Don't Get Comfortable (2006), What If We (2008), Leaving Eden (2011), Blue Mountain (2012), No Turning Back (2015…",수치?,c,
1068,what throne did Kanamura recommend Keitai as a possible heir to?,Yamato throne,Chrysanthemum throne,2024-07-01,2024-08-01 00:00:00,"…a recommended Keitai (at the age of 58) as a possible heir to the Yamato throne. His mother, Furihime, was a seventh generation descendant of Emperor Suinin by his son, Prince Iwatsukuwake.","…a recommended Keitai (at the age of 58) as a possible heir to the Chrysanthemum throne. His mother, Furihime, was a seventh generation descendant of Emperor Suinin by his son, Prince Iwatsukuwake.",,c,
1069,how many players who have appeared for the Flyers have been inducted into the Hockey Hall of Fame?,Twelve,Thirteen,2024-06-01,2024-07-01 00:00:00,"…ree times, and was inducted into the Hockey Hall of Fame in 1987. Twelve other players who have appeared for the Flyers have been inducted into the Hockey Hall of Fame: Bobby Clarke, Bill Barber, Paul…","…ree times, and was inducted into the Hockey Hall of Fame in 1987. Thirteen other players who have appeared for the Flyers have been inducted into the Hockey Hall of Fame: Bill Barber, Paul Coffey, Pet…",수치?,c,
1076,what hydroelectric project on the lower portion of the Churchill River was at the center of a decades-long dispute between the premiers of Newfoundland and Quebec?,Muskrat Falls,Churchill Falls,2024-10-01,2024-11-01 00:00:00,…long dispute over transmission of electricity from Newfoundland's Muskrat Falls hydroelectric project on the lower portion of the Churchill River through the province of Quebec. Then Newfoundland Prem…,…long dispute over transmission of electricity from Newfoundland's Churchill Falls hydroelectric project on the lower portion of the Churchill River through the province of Quebec. Then Newfoundland Pr…,,c,
1090,what system did the Sho't Kal Gimel fully receive that was only previously installed in a single brigade of Sho't Kal Bets?,hydro-electric turret traverse mechanism,Cadillac Gauge fire control system,2024-08-01,2024-09-01 00:00:00,"…e of the turret front. The Sho't Kal Gimel fully received the new hydro-electric turret traverse mechanism, which was only previously installed in a single brigade of Sho't Kal Bets. Along with the ne…","… side of the turret front. The Sho't Kal Gimel fully received the Cadillac Gauge fire control system, which was only previously installed in a single brigade of Sho't Kal Bets. Along with the new fire…",,c,
1095,"where did Queen Mary's marriage to King Philip take place, where Browne's second wife, Magdalen Dacre, walked in the bridal procession, and Browne was elevated to the peerage as Viscount Montagu?",Hampton Court,Winchester Cathedral,2024-06-01,2024-07-01 00:00:00,"…for Surrey and Sussex. At Queen Mary's marriage to King Philip at Hampton Court on 2 September 1554, Browne's second wife, Magdalen Dacre, walked in the bridal procession, and Browne was elevated to t…","…for Surrey and Sussex. At Queen Mary's marriage to King Philip at Winchester Cathedral on 25 July 1554, Browne's second wife, Magdalen Dacre, walked in the bridal procession, and Browne was elevated t…",,c,
1108,who owns WASK (AM) radio station?,Neuhoff Communications,Saga Communications,2024-06-01,2024-07-01 00:00:00,….FCC Document It broadcasts a sports radio format and is owned by Neuhoff Communications. The studios and transmitter are at 3575 McCarty Lane in Lafayette. Most programming comes from ESPN Radio. WAS…,….FCC Document It broadcasts a sports radio format and is owned by Saga Communications. The studios and transmitter are at 3575 McCarty Lane in Lafayette. Most programming comes from ESPN Radio. WASK i…,,g,
1112,in which province of the Viceroyalty of New Granada was Francisco de Paula Santander born?,Tunja Province,Pamplona Province,2024-08-01,2024-09-01 00:00:00,"…6 1840. Biography Santander was born in Villa del Rosario, in the Tunja Province of the Viceroyalty of New Granada not far from Cúcuta, on April 2, 1792. 11 days later on April 13 he was baptized at t…","…r and was later taken to be baptized in Villa del Rosario. in the Pamplona Province of the Viceroyalty of New Granada not far from Cúcuta, on April 2, 1792. 11 days later on April 13 he was baptized a…",,c,
1113,what nationality was Francisco José de Paula Santander y Omaña?,Colombian,Neogranadine,2024-08-01,2024-09-01 00:00:00,"…sé de Paula Santander y Omaña (April 2, 1792 – May 6, 1840) was a Colombian military and political leader who served as Vice-President of Gran Colombia between 1819 and 1826, and was later elected by …","…sé de Paula Santander y Omaña (April 2, 1792 – May 6, 1840) was a Neogranadine military and political leader who served as Vice-President of Gran Colombia between 1819 and 1826, and was later elected …",,c,
1115,who is the current Chief of Police?,Nate Allen,Todd Pinion,2024-09-01,2024-10-01 00:00:00,"…Investigations, & Administration). The current Chief of Police is Nate Allen. Decatur Fire & Rescue is an Advanced Life Support, full service department consisting of approx.","…Investigations, & Administration). The current Chief of Police is Todd Pinion. Decatur Fire & Rescue is an Advanced Life Support, full service department consisting of approx.",,c,
1116,"what was Stateira, daughter of Stateira and Darius III of Persia, possibly also known as?",Homa,Barsine,2024-08-01,2024-09-01 00:00:00,"…t Susa in 324 BC Stateira (; died 323 BC), possibly also known as Homa, was the daughter of Stateira and Darius III of Persia. After her father's defeat at the Battle of Issus, Stateira and her sister…","…t Susa in 324 BC Stateira (; died 323 BC), possibly also known as Barsine, was the daughter of Stateira and Darius III of Persia. After her father's defeat at the Battle of Issus, Stateira and her sis…",,c,
1117,what name does Arrian use to refer to Stateira in his list of marriages that occurred at Susa?,Homa,Barsine,2024-08-01,2024-09-01 00:00:00,"…ges that occurred at Susa, Arrian (c. 86 – after 146), calls her ""Homa"".","…ges that occurred at Susa, Arrian (c. 86 – after 146), calls her ""Barsine"".",,c,
1127,what is the position of Balintawak station for trains headed to Fernando Poe Jr.?,nineteenth,twenty-fourth,2024-11-01,2024-12-01 00:00:00,…r. It is the second station for trains headed to Baclaran and the nineteenth station for trains headed to Fernando Poe Jr.,"… It is the second station for trains headed to Dr. Santos and the twenty-fourth station for trains headed to Fernando Poe Jr. The station is situated in front of the Balintawak Market, near the Quezon…",수치?,c,
1128,what type of egg hit Brandon Boyd in the face and broke his nose?,Halloween egg,Easter egg,2024-06-01,2024-07-01 00:00:00,"…e since he was a child. Boyd broke his nose twice; once getting a Halloween egg to the face, and the other from being hit in the face with Dirk Lance's bass during a show. He opted to let the injuries…","…e since he was a child. Boyd broke his nose twice; once getting a Easter egg to the face, and the other from being hit in the face with Dirk Lance's bass during a show. He opted to let the injuries he…",,c,
1129,whose car does Raju get into so he can also go with them?,Rajesh's car,Robin's car,2024-10-01,2024-11-01 00:00:00,…sh and inviting him over to his house. Raju gets into the boot of Rajesh's car so he can also go with them. Rajesh is horrified when he sees Raju come.,…sh and inviting him over to his house. Raju gets into the boot of Robin's car so he can also go with them. Rajesh is horrified when he sees Raju come.,,c,
1135,what is Marcia Keith's maiden name?,Stanhope,Sterling,2024-11-01,2024-12-01 00:00:00,"…860s. Mildred is the eldest child of Stuart and Marcia Keith (née Stanhope), and has several younger siblings: Rupert, Zillah, Ada, Eva (who died at age five, before the first book begins), Cyril, Don…","…860s. Mildred is the eldest child of Stuart and Marcia Keith (née Sterling), and has several younger siblings: Rupert, Eva (who died at age five, before the first book begins), Zillah, Ada, Cyril, Don…",,c,
1136,how many rounds did Lee Savold last in his last fight against Rocky Marciano?,7 rounds,6 rounds,2024-08-01,2024-09-01 00:00:00,"…ition of Savold as ""world"" champion. In his last fight, he lasted 7 rounds before being TKO'd by legendary boxer Rocky Marciano on February 13, 1952.","…ition of Savold as ""world"" champion. In his last fight, he lasted 6 rounds before being TKO'd by legendary boxer Rocky Marciano on February 13, 1952.",수치?,c,
1139,who raised Michael Richards and suffered from schizophrenia?,An aunt,A grandmother,2024-07-01,2024-08-01 00:00:00,"…l was two, and his mother never remarried. Richards was raised by an aunt who suffered from schizophrenia. Richards graduated from Thousand Oaks High School. In 1968, he appeared as a contestant on Th…",…eciding to raise him as a single mom. Richards was also raised by a grandmother who suffered from schizophrenia. Richards graduated from Thousand Oaks High School.,,c,
1147,"what is the name of another bar or pub in Dawlish Warren, aside from the ""Mount Pleasant Inn""?",Silly Goose,Warren Bridge Inn,2024-08-01,2024-09-01 00:00:00,"…s and takeaway eateries. There are many bars and pubs such as the Silly Goose and the Mount Pleasant Inn, which dates from before the 1750s and is located just outside the resort.","…s and takeaway eateries. There are many bars and pubs such as the Warren Bridge Inn and the Mount Pleasant Inn, which dates from before the 1750s and is located just outside the resort.",,c,
1155,what was Jacob van Hoogstraten's geographical affiliation?,Flemish,Brabantian,2024-06-01,2024-07-01 00:00:00,"…ed as Hochstraten, Hoogstratten (c. 1460 – 24 January 1527) was a Flemish Dominican theologian and controversialist. Education, professor Van Hoogstraten was born in Hoogstraten, Burgundian Netherland…","…ed as Hochstraten, Hoogstratten (c. 1460 – 24 January 1527) was a Brabantian Dominican theologian and controversialist. Education, professor Van Hoogstraten was born in Hoogstraten, Burgundian Netherl…",,c,
1156,what was Jacob van Hoogstraten elected prior of in Antwerp?,The Dominican convent,St Paul’s Priory,2024-10-01,2024-11-01 00:00:00,…the Dominican college of Cologne. In 1500 he was elected prior of the Dominican convent in Antwerp.,…the Dominican college of Cologne. In 1500 he was elected prior of St Paul’s Priory in Antwerp.,,c,
1170,which country currently maintains a fortified military base at Bilafond La?,Pakistan,India,2024-06-01,2024-07-01 00:00:00,… 980420 which defined the end of the 1972 Line of Control between Pakistan and India as part of the Simla Agreement. Bilafond La is on the ancient Silk Route linking the Indian Subcontinent and China.…,… defined the end of the 1972 Line of Control between Pakistan and India as part of the Simla Agreement. Bilafond La is on the ancient Silk Route linking the Indian Subcontinent and China. Bilafond La …,,c,
1175,which station provides a convenient connection for University of Miami medical students by connecting the hospital area to the main campus at University Station?,Civic Center,UHealth–Jackson,2024-11-01,2024-12-01 00:00:00,…ection of Northwest 12th Avenue (State Road 933) and 15th Street. Civic Center provides a convenient connection for University of Miami medical students by connecting the hospital area to the main cam…,"UHealth–Jackson station (stylized as UHealth | Jackson) is a station on the Metrorail rapid transit system in the Health District of Miami, Florida. The station is located at the intersection of North…",,g,
1176,"what type of administrative division is Mathira East in Karatina, Kenya?",district,subcounty,2024-11-01,2024-12-01 00:00:00,"… municipal council and serves as the headquarters of Mathira East district. Karatina municipality has a total population of 6,852, all classified as urban (1999 censusKenya National Bureau of Statisti…","… municipal council and serves as the headquarters of Mathira East subcounty. Karatina municipality had a total population of 6,852, all classified as urban in the 1999 censusKenya National Bureau of S…",,c,
1177,where was Steve Hackett arriving from when he appeared on stage during the encores?,South America,Brazil,2024-06-01,2024-07-01 00:00:00,…ett appeared on stage during the encores after arriving late from South America. Rutherford celebrated his 32nd birthday on the day of the concert and the crowd sang 'Happy Birthday' to him during the…,…ett appeared on stage during the encores after arriving late from Brazil. Rutherford celebrated his 32nd birthday on the day of the concert and the crowd sang 'Happy Birthday' to him during the show. …,,c,
1179,"what type of ship was hit twice by ""Picuda"" on 29 January?",freighter,cargo ship,2024-11-01,2024-12-01 00:00:00,"…s she approached dead ahead of a troop transport, overlapped by a freighter. One hit on the transport and two hits on the freighter were observed by Picuda'''s officer of the deck. The transport, almo…","…s she approached dead ahead of a troop transport, overlapped by a cargo ship. One hit on the transport and two hits on the cargo ship were observed by Picuda'''s officer of the deck. The transport, al…",,c,
1196,what was François Baron de Tott's origin?,Slovak,Hungarian,2024-11-01,2024-12-01 00:00:00,"…1793, Hungary) was an aristocrat and a French military officer of Slovak origin. Born on August 17, 1733, in Chamigny, a village in northern France, the descendant of a Hungarian nobleman, who had emi…","…1793, Hungary) was an aristocrat and a French military officer of Hungarian origin. Born on August 17, 1733, in Chamigny, a village in northern France, the descendant of a Hungarian nobleman, who had …",,c,
1199,how many American athletes have won the Best Male Athlete ESPY Award multiple times?,Three,Four,2024-07-01,2024-08-01 00:00:00,"…ince 2004, the winner has been chosen by online balloting through three to five choices selected by the ESPN Select Nominating Committee. Before that, determination of the winners was made by an panel…","… Athlete ESPY Award was basketball player Michael Jordan in 1993. Four American athletes, golfer Tiger Woods, road cyclist Lance Armstrong, basketball player LeBron James, and American football player…",수치?,c,
